Hash,Sequence
05ffae7e8304f8eec6ba8d087502e140904c0147,ATTAGCCGGAAATCTAGCCCATGCTGGGGCTTCTGTAGATTTAGCTATCTTCTCCCTCCACCTAGCAGGTGTGTCATCCATTCTAGGGGCAATTAATTTCATCACCACAATTATCAATATGAAACCCCCAGCCTTATCTCAGTACCAAACCCCACTATTCGTTTGATCCGTAATAATTACAGCAGTCCTTCTTCTCCTATCACTGCCAGTCTTAGCAGCTGGCATCACAATGCTTCTAACAGACCGAAACCTAAATACAACATTTTTCGATCCTGCCGGAGGCGGGGACCCAATCCTATATCAACATCTCTTC
07aef1bdae64ba399afe0a3304e9edec2673b8b5,ATTAGCCGGAAACCTAGCTCACGCTGGAGCTTCTGTAGATTTAGCTATCTTCTCCCTCCACCTAGCAGGTGTATCATCCATTCTAGGGGCAATTAATTTCATTACCACCATTATTAATATAAAACCACCAGCCCTGTCTCAATATCAAACACCACTGTTCGTTTGATCCGTAATAATTACAGCAGTCCTCCTTCTCCTTTCACTACCAGTCTTAGCAGCTGGCATTACAATACTTCTAACAGACCGAAACCTGAACACAACATTCTTTGACCCTGCAGGAGGTGGAGACCCAATCCTATATCAACATCTTTTC
08b2697f313ce199446bb29b0d2346a5b9e6b6ed,GTTGTCTAGTGGTACTTCTCATTCAGGAGGTTCTGTTGATTTGGCTATATTTAGTTTACATTTATCAGGTGCTTCTTCCATTTTAGGTGCAATTAATTTTATTTGTACTATTTTTAATATGAGAGTAAAAAGTTTAGCTTTTCATAAATTACCTCTTTTTGTTTGGGCTGTTTTAATTACAGCTTTTTTATTGTTATTATCTCTTCCTGTTTTGGCTGGAGCAATTACAATGCTATTAACTGATAGAAATTTTAATACTACATTTTTTGATCCTGCCGGTGGTGGTGATCCTGTTTTATACCAACATTTATTT
0bd3c2762c7597a5514d14470f6195b664a7b237,CACACACTGCAAGTTGGCTGGTTCCCCTGGCCAGCACGATGGATGTAAGTTTAAAGGACCACGGACTTTAGCTGCTTTTCAGACTGCTCTTTCCCTCTTCTCCCTCTACTGGTGTTTAGGGAGAGGCAGCTTTCCTTGGAGCTGCCGTGTTTTCTGGGTTGGACGGGACTACCCATGCCCACGCAAAGAAACTGGGGCTGTCCTCTGCCTGGCGCTCGCCGTCTTCCCTGC
0e5c4ba827f2373109b0bb0606c5147e5e4ed805,ATTAGCCGGAAACCTAGCTCACGCTGGAGCTTCTGTAGATTTAGCTATCTTCTCTCTCCACCTAGCGGGCGTATCATCCATCCTAGGGGCTATTAACTTCATTACCACCATTATTAATATAAAACCACCAGCCCTGTCTCAATATCAAACACCACTGTTCGTTTGATCCGTAATAATTACAGCAGTCCTCCTTCTCCTTTCACTACCAGTCTTAGCAGCTGGCATTACAATACTTCTAACAGACCGAAACCTGAATACAACATTTTTCGATCCTGCCGGAGGCGGGGACCCAATCCTATATCAACATCTTTTC
0e5e2aea56dfaf2bd90294a425c86d405a9754eb,ATTAGCCGGAACTGGATGAACTGTATATCCCCCATTAGCCGGAAACCTAGCTCACGCTGGAGCTTCTGTAGATTTAGCTATCTTCTCTCTCCACCTAGCGGGCGTATCATCCATCCTAGGGGCTATTAACTTCATTACCACCATTATTAATATAAAACCACCAGCCCTGTCTCAATATCAAACACCACTGTTCGTTTGATCCGTAATAATTACAGCAGTCCTCCTTCTCCTTTCACTACCAGTCTTAGCAGCTGGCATTACAATACTTCTAACAGACCGAAACCTGAACACAACATTCTTTGACCCTGCAGGAGGTGGAGACCCAATCCTATATCAACATCTTTTC
0f25da407d7c616d2a6f56232d60a0b959931e96,TTTATCAAGTGGAACTGCTCATTCAGGCGGTGCTGTTGATTTAGCAATTTTTAGCCTACACTTATCAGGTGCGTCATCTATTTTAGGAGCTATTAATTTTATTTGTACAATTTTTAATATGCGAGTTAAAAGTTTGTCTTTTCATAAACTTCCGTTATTTGTTTGGTCTGTTTTAATTACCGCTTTTTTATTATTACTTTCTTTACCTGTACTAGCAGGGGCGATTACTATGCTATTAACTGATCGAAATTTAAACACTTCTTTTTATGACCCCAGGGGAGGCGGAGATCCTGTTTTATACCAGCATCTATTT
10abc53154a20ed024347601e219e0bf7e7f0631,ATTAGCCGGAAACCTAGCTCACGCTGGAGCTTCTGTAGATTTAGCTATCTTCTCTCTCCACCTAGCGGGCGTATCATCCATCCTATGGGCTATTAACTTCATTACCACCATTATTAATATAAAACCACCAGCCCTGTCTCAATATCAAACACCACTGTTCGTTTGATCCGTAATAATTACAGCAGTCCTCCTTCTCCTTTCACTACCAGTCTTAGCAGCTGGCATTACAATACTTCTAACAGACCGAAACCTGAACACAACATTCTTTGACCCTGCAGGAGGTGGAGACCCAATCCTATATCAACATCTTTTC
18102a32d34deb52f518c770c09131acc7ae5675,ATTAGCAAGTATTGCATTCCACTCAGGAGGAGCAGTTGATTGTGCAATTTCTGCTCTTCACGTTGCAGGAGCTTCTTCTATTCTTGGAGCAGTAAACTTTATTACAACTGTAATGAACATGCGAGCTCCAGGAATTAGTCTTCACCGAATGCCTTTATTCGTATGAAGTGTTTTTGTAACTGTTGTACTTCTTCTATTAGCTGTACCTGTACTTGCAGGAGCAATTACGATGCTACTAACAGATCGAAACTTTAACACAACTTTCTTTGACCCAGCAGGGGGAGGAGATCCTGTACTTTACCAGCACCTTTTC
19cd59918eed8f710b49fd49478b0ba8835f2b04,ATTAGCCGGAAACCTAGCTCACGCTGGAGCTTCTGTAGATTTAGCTATCTTCTCTCTCCACCTAGCGGGCGTATCATCCATCCTAGGGGCTATTAACTTCATTACCACCATTATTAATATAAAACCACCAGCCCTGTCTCAATATCAAACACCACTGTTCGTTTGATCCGTAATAATTACAGCAGTCCTCCTTCTCCTTTCACTACCAGTCTTAGCAGCTGGCATTACAATACTCCTAACAGATCGAAACCTAAACACAACATTTTTCGATCCTGCTGGGGGTGGGGACCCAATCCTGTACCAACATCTTTTC
1bed5bfe6ce6149d21e0f408e7c09439f6413f2e,ATTAGCAAGTATTGCATTCCACTCAGGAGGAGCAGTTGATTGTGCAATTTTCGCTCTTCACGTTGCAGGAGCTTCTTCTATTCTTGGAGCAGTAAACTTTATTACAACTGTAATGAACATGCGAGCTCCAGGAATTAGTCTTCACCGAATGCCTCTATTCGTATGAAGTGTTTTTGTAACTGTTGTACTTCTTCTATTAGCTGTACCTGTACTTGCAGGAGCAATTACGATGCTATTAACAGATCGAAACTCTAACACAACTTTCTTTGACCCAGCAGGGGGAGGAGATCCTGTACTTTATCAGCACCTTTTC
1d1fd1d82f3e4313c04beac907908e0291a4405a,ACCCCCATTCCAGCTTTAAACCATGTTCAATTATCCTTCCTAAGCATTAACCCTCATTGTTCACATTCCCATATTGTGAAGAGTCAGTAGGGCAAAAATAACAGGAAATACAGTTGTTTCAGGATTGCCAACATCATTGCTAGGGCTATTATGACATTTGGAAAACAGAAAAGGTAGCTAGAAGTGACAATAAAAGTGGCCACTGTAGCCTTATTCTAAATTTAAGGATGTTTGAACAAGCTCTA
1fede7a207d7fdae5ad57a58029e43b2629bbc0b,ATTAGCCGGAAACCTAGCTCACGCTGGAGCTTCTGTAGATTTAGCTATCTTCTCTCTCCACCTAGCGGGCGTATCATCCATCCTAGGGGCTATTAACTTCATTACCACCATTATTAATATAAAACCACCAGCCCTGTCTCAATATCAAACACCACTGTTCGTTTGATCCGTAATAATTACAGCAGTCCTCCTTCTCCTTTCACTACCAGTCTTAGCAGCTGGCATCACAATGCTTCTAACAGACCGAAACCTAAATACAACATTTTTCGATCCTGCCGGAGGCGGGGACCCAATCCTATATCAACATCTCTTC
20dcc1ae23281b83665f5b891e7105ee951d2856,ATTAGCCGGAAACCTAGCTCACGCTGGAGCTTCTGTAGATTTAGCTATCTTCTCTCTCCACCTAGCGGGCGTATCATCCATCCTAGGGGCTATTAACTTCATTACCACCATTATTAATATAAAACCACCAGCCCTGTCTCAATATCAAACACCACTGTTCGTTTGATCCGTAATAATTACAGCAGTCCTCCTTCTCCTTTCACTACCAGTCTTAGCAGCTGGCATTACAATACTTCTAACAGACCGAAACCTGAACACAACATTTTTCGATCCTGCCGGGGGCGGAGACCCAATCCTATATCAACATCTCTTC
21950f390298de1207165e2aa3603e2186a8fc35,GTTATCCGGAATTCAAGCCCACTCAGGAGGTTCTGTGGATTGTGCAATTTATTCTTTACATCTTGCTGGTGTTTCATCGATATTAGGGGCAATTAACTTTATAGTTACTATAACTAACATGCAAGCTCCTGGAATGACCGCAAATCGTACCCCACTTTTTGTATGAGCTGTTTTTATTACTGCATTCTTATTATTGTTGTCTTTACCCGTGTTAGCCGGGGCGATCACGATGTTGCTTACAGATAGAAATTTCAACACGTCATTTTTTGATCCAAATGGTGGTGGAGACCCCGTTTTATATCAACATTTGTTT
21f4c79edb6af5c3de35b802967f7d41a97ecbfd,CCTAGCCGGAAACCTAGCCCACGCCGGGCCATCCGTAGATTTAACTATCTTCTCTCTACACTTAGCCGGAGTATCTTCCATCCTCGGAGCAATTAACTTTATTACAACAGCAATCAACATAAAACCCCCAGCAATATCCCAATACCAAACACCACTATTTGTGTGATCCGTCCTAATTACAGCTGTACTTCTCCTACTATCCCTACCAGTACTAGCTGCTGGAATTACAATACTACTCACAGACCGCAACTTAAACACAACCTTCTTTGACCCCGTCCTATACCAACACCTCTTC
23efa7f713e50dbfc4f5054fa7c9d97d07c5cfaa,ATTAGCCGGAAATCTAGCCCATGCTGGGGCTTCTGTAGATTTAGCTATCTTCTCCCTCCACCTAGCAGGTGTGTCATCCATTCTAGGGGCAATTAATTTCATCACCACAATTATCAATATGAAACCCCCAGCCTTATCTCAGTACCAAACCCCACTATTCGTTTGATCCGTAATAATTACAGCAGTCCTTCTTCTCCTATCACTGCCAGTCTTAGCAGCTGGCATCACAATGCTTCTAACAGACCGAAACCTGAATACAACATTTTTCGATCCTGCCGGAGGCGGGGACCCAATCCTATATCAACATCTTTTC
28437a39af5360ff6794af6f2e9c198ba1911d8a,CTAGCAGGTAACCTCGCCCACGCTGGAGCCTCTGTTGACCTCGCCATCTTCTCACTACACCTAGCTGGTGTTTCTTCTATCCTAGGTGCAATCAACTTTATTACAACAGCCGTTAACATAAAACCCCCAGCCCTTTCACAATACCAAACCCCTCTATTCGTGTGATCAGTCCTAATCACCGCCATCCTACTACTACTATCACTCCCAGTACTCGCTGCAGGTATTACCATGCTCCTCACGGACCGAAATCTCAATACCACATTCTTTGATCCCGCGGGAGGAGGAGACCCCGTCCTATACCAACACCTCTTC
2bb3495e76fa92748b9cae580db8e479a19e68d2,ACACACACACACACTCCCTAAGGAGAACAGAGTGACTAGGCTTTTGGCCACAACCCCTTCTGGCAGGAATGAACACTTCCTTGGAGAAGGATGGAAGAGGAGGAGGCGAGAATGTCTATCTGGGCTTCCTTCGAGCTACATAGCAACATCTTCATGATACATATATGTTAGGCACGTTTTACTGTTGTGTTCAGTCATTTCCAGTCATATC
2c753ef0a4e579e3af36938f75562180f81e0a84,ATTAGCAAGTATTGCTTTTCACTCAGGAGGAGCAGTTGACTGTGCAATTTTCGCTCTTCACGTTGCAGGAGCTTCTTCAATTCTTGGAGCAGTAAACTTTATTACGACTGTAATGAACATGCGAGCTCCAGGAATTAGCCTTCACCGAATGCCTCTATTCGTATGAAGTGTTTTTGTAACTGTTGTATTTCTTTTATTAGCTGTACCTGTACTTGCCGGAGCAATTACAATGCTATTAACAGACCGAAACTTTAACACAACTTTCTTTGACCCAGCAGGGGGAGGAGATCCTGTACTTTACCAGCACCTTTTC
314d99b8679e041aab41a5cf4c37b9b7dc8efe24,ATTAGCTGGAAATCTAGCCCACGCAGGAGCTTCAGTAGATTTAGCTATTTTCTCCCTCCACCTGGCAGGTGTGTCATCCATTCTAGGAGCTATTAATTTTATTACTACAATTATTAACATGAAACCACCGGCCCTAACTCAATACCAAACCCCACTATTCGTATGATCCGTAATAATTACAGCAGTCCTCCTTCTCCTTTCACTACCAGTCTTAGCAGCTGGCATTACAATACTTCTAACAGACCGAAACCTGAACACAACATTCTTTGACCCTGCAGGAGGTGGAGACCCAATCCTATATCAACATCTTTTC
31b13c2a5391b728675bf16b5b56bfa1cb829172,ATTAGCCGGAACTGGTTGAACTGTTTATCCCCCATTAGCCGGAAACCTAGCTCACGCTGGAGCTTCTGTAGATTTAGCTATCTTCTCTCTCCACCTAGCGGGCGTATCATCCATCCTAGGGGCTATTAACTTCATTACCACCATTATTAATATAAAACCACCAGCCCTGTCTCAATATCAAACACCACTGTTCGTTTGATCCGTAATAATTACAGCAGTCCTCCTTCTCCTTTCACTACCAGTCTTAGCAGCTGGCATTACAATACTTCTAACAGACCGAAACCTGAACACAACATTCTTTGACCCTGCAGGAGGTGGAGACCCAATCCTATATCAACATCTTTTC
31ba541452d7b8c87a861801bcd4bdc56768640d,ATTAGCTGGAAATCTGGCCCACGCTGGGGCTTCAGTAGATTTAGCTATCTTCTCTCTCCACCTAGCGGGCGTATCATCCATCCTAGGGGCTATTAACTTCATTACCACCATTATTAATATAAAACCACCAGCCCTGTCTCAATATCAAACACCACTGTTCGTTTGATCCGTAATAATTACAGCAGTCCTCCTTCTCCTTTCACTACCAGTCTTAGCAGCTGGCATTACAATACTTCTAACAGACCGAAACCTGAACACAACATTCTTTGACCCTGCAGGAGGTGGAGACCCAATCCTATATCAACATCTTTTC
35ab6ab88498db673819394fa998d0f4c818eea5,ATTAGCCGGAAACCTAGCTCACGCTGGAGCTTCTGTAGATTTAGCTATCTTCTCTCTCCACCTAGCGGGCGTATCATCCATCCTAGGGGCTATTAACTTCATTACCACCATTATTAATATAAAACCACCAGCCCTGTCTCAATATCAAACACCACTGTTCGTTTGATCCGTAATAATTACAGCAGTCCTTCTTCTCCTATCACTGCCAGTCTTAGCAGCTGGCATCACAATGCTTCTAACAGACCGAAACCTAAATACAACATTTTTCGATCCTGCCGGAGGCGGGGACCCAATCCTATATCAACATCTTTTC
3b3424ba0080e5c258eff2701b3e7c7bf5d832de,ATTAGCCGGAAACCTAGCTCACGCTGGAGCTTCTGTAGATTTAGCTATCTTCTCTCTCCACCTAGCGGGCGTATCATCCATCCTAGGGGCTATTAACTTCATTACCACCATTATTAATATAAAACCACCAGCCCTGTCTCAATATCAAACACCACTGTTCGTTTGATCCGTAATAATTACAGCAGTCCTTCTTCTCCTATCACTGCCAGTCTTAGCAGCTGGCATCACAATGCTTCTAACAGACCGAAACCTGAACACAACATTCTTTGACCCTGCAGGAGGTGGAGACCCAATCCTATATCAACATCTTTTC
3b877aab36cfec9afde65b6fb7ca8bccb4f07236,ATTAGCTGGAAATCTGGCCCACGCTGGGGCTTCAGTAGATTTAGCTATCTTCTCCCTCCACCTAGCAGGTGTATCATCCATTCTAGGGGCAATTAATTTCATTACCACGATTATCAACATGAAACCCCCAGCCTTATCTCAATATCAAACCCCACTATTCGTTTGATCCGTAATAATTACAGCAGTCCTTCTTCTCCTTTCACTACCAGTCTTAGCAGCTGGTATCACAATGCTTCTAACAGACCGAAACCTGAACACAACATTTTTCGATCCTGCCGGGGGCGGAGACCCAATCCTATATCAACATCTCTTC
3d2c93922cea33a68ae72d51998e935770dc0191,TTTATCAAGTGGAACTGCTCATTCAGGTGGTGCTGTTGATTTAGCAATTTTTAGCCTACACTTATCAGGTGCGTCATCTATTTTAGGAGCTATTAATTTTATTTGTACAATTTTTAATATGCGAGTTAAAAGTTTGTCTTTTCATAAACTTCCGTTATTTGTTTGGTCTGTTTTAATTACCGCTTTTTTATTATTACTTTCTTTACCTGTTTTAGCTGGTGCTATTACTATGCTATTAACCGATAGAAACTTTAATACAACCTTTTTTGATCCCGCAGGTGGAGGAGATCCTGTATTATACCAACATCTATTT
4305bbc52b0bbbde4de7cb19717e9a6856aeb420,ATTAGCCGGAAACCTAGCTCACGCTGGAGCTTCTGTAGATTTAGCTATCTTCTCTCTCCACCTAGCGGGCGTATCATCCATCCTAGGGGCTATTAACTTCATTACCACCATTATTAATATAAAACCACCAGCCCTGTCTCAATATCAAACACCACTGTTCGTTTGATCCGTAATAATTACAGCAGTCCTTCTTCTCCTATCACTGCCAGTCTTAGCAGCTGGCATCACAATGCTTCTAACAGACCGAAACCTGAATACAACATTTTTCGATCCTGCCGGAGGCGGGGACCCAATCCTATATCAACATCTTTTC
4593b04e2337919c481bad83b26041d549bf7497,ATTAGCTGGAAATCTGGCCCACGCTGGGGCTTCAGTAGATTTAGCTATCTTCTCCCTCCACCTAGCAGGTGTATCATCCATTCTAGGGGCAATTAATTTCATTACCACGATTATCAACATGAAACCCCCAGCCTTATCTCAATATCAAACCCCACTATTCGTTTGATCCGTAATAATTACAGCAGTCCTCCTTCTCCTTTCACTACCAGTCTTAGCAGCTGGCATTACAATACTTCTAACAGACCGAAACCTGAACACAACATTCTTTGACCCTGCAGGAGGTGGAGACCCAATCCTATATCAACATCTTTTC
45fc526b4478ae044f85181d7c3b27cd7b70cfea,ATTAGCCGGAAATCTAGCCCATGCTGGGGCTTCTGTAGATTTAGCTATCTTCTCCCTCCACCTAGCAGGTGTGTCATCCATTCTAGGGGCAATTAATTTCATCACCACAATTATCAATATGAAACCCCCAGCCTTATCTCAGTACCAAACCCCACTATTCGTTTGATCCGTAATAATTACAGCAGTCCTTCTTCTCCTATCACTGCCAGTCTTAGCAGCTGGCATCACAATGCTTCTAACAGACCGAAACCTAAATACAACATTTTTCGATCCTGCCGGAGGCGGGGACCCAATCCTATATCAACATCTTTTC
4926ae515c6078cff24f3940993163f2644cb14c,TTTGGCATCTGTTCAAGCACACTCTGGACCATCAGTTGACTTGGCTATCTTTAGTTTGCATATTGCAGGAGCATCGTCAATTATAGGTGCTATTAATTTCATTACTACAATTTTTAATATGAGAGGCCCAGGTATGACAATACATAGGCTACCACTTTTTTGTTGGGCAGTATTGATTACGGCTTTTTTGCTGTTGCTTTCTTTGCCTGTTTTGGCAGCAGCTATTACAATATTGCTGTGTGACCGAAATTTTAATACTACTTTTTTTGATCCAGCAGGAGGAGGTGATCCAGTCCTTTACCAACATCTTTTT
4a421772fe9c37cf426c29324515bb746bed26e5,TTTATCAAGTGCAACAGCCCATTCTGGGGGTTTTGTAGATTTAGCAATATTCAGTTTACATTTATCAGGTGCGTCTTCTATTTTAGGTGCTATTAACTTCATTTGTACTATCTTTAATATGCGAGTAAAAAGTTTATCTTTTCATAATCTTCCTTTATTTGTATGGTCTGTTTTAATAACAGCATTTTTGTTATTATTATCTCTGCCTGTTTTAGCTGGAGCTATTACAATGTTATTAACCGATAGAAATTTTAACACTACCTTCTTCGACCCTGCTGGTGGAGGCGACCCTGTTTTGTTTCAGCATCTTTTC
4bd7bba007f2f506ac9f5775e6f844507fe917af,TGTTCACTCCCCATCCTGGTTCTCCTTCCAGGATCACCTCGGTACCTTCACTCACTCAGCCTTCCCTGATTTCTCTTCTCCTCAGTTTACCCTGCACTTATTTTTTGGGGCCTACGTCAGGAACAACTTAAGTAAATGGACTGGGTCACTCTTCTCTGTGTGCATAATCAGTGTGTAATTGAATTAAACGATACGCAGACTCTTACCTCTCC
4d59d4d88f313919dcfc513689a20b611ccf1f84,ATTAGCCGGAAATCTAGCTCACGCTGGAGCTTCTGTAGATTTAGCTATCTTCTCTCTCCACCTAGCGGGCGTATCATCCATCCTAGGGGCTATTAACTTCATTACCACCATTATTAATATAAAACCACCAGCCCTGTCTCAATATCAAACACCACTGTTCGTTTGATCCGTAATAATTACAGCAGTCCTCCTTCTCCTTTCACTACCAGTCTTAGCAGCTGGCATTACAATACTTCTAACAGACCGAAACCTGAACACAACATTCTTTGACCCTGCAGGAGGTGGAGACCCAATCCTATATCAACATCTTTTC
4f4dd1cd55a782ddefb78e5d121e6d8288d05b20,ATTAGCCGGAAACCTAGCCCACGCTGGAGCTTCTGTAGATTTAGCTATCTTCTCTCTCCACCTAGCGGGCGTATCATCCATCCTAGGGGCTATTAACTTCATTACCACCATTATTAATATAAAACCACCAGCCCTGTCTCAATATCAAACACCACTGTTCGTTTGATCCGTAATAATTACAGCAGTCCTCCTTCTCCTTTCACTACCAGTCTTAGCAGCTGGCATTACAATACTTCTAACAGACCGAAACCTGAACACAACATTCTTTGACCCTGCAGGAGGTGGAGACCCAATCCTATATCAACATCTTTTC
50038e81d43032c72055a3a503042bcf6a7d3916,ATTAGCCGGAAACCTAGCTCACGCTGGAGCTTCTGTAGATTTAGCTATCTTCTCCCTCCACCTAGCAGGTGTATCATCCATTCTAGGGGCAATTAATTTCATTACCACGATTATCAACATGAAACCCCCAGCCTTATCTCAATATCAAACCCCACTATTCGTTTGATCCGTAATAATTACAGCAGTCCTTCTTCTCCTTTCACTACCAGTCTTAGCAGCTGGTATCACAATGCTTCTAACAGACCGAAACCTGAACACAACATTCTTTGACCCTGCAGGAGGTGGAGACCCAATCCTATATCAACATCTTTTC
55f1b7f719446f0d8467b4ffa9358dec135904f4,ATTAGCCGGAAACCTAGCTCACGCTGGAGCTTCTGTAGATTTAGCTATCTTCTCTCTCCACCTAGCGGGCGTATCATCCATCCTAGGGGCTATTAACTTCATTACCACCATTATTAATATAAAACCACCAGCCCTGTCTCAATATCAAACACCACTGTTCGTTTGATCCGTAATAATTACAGCAGTCCTCCTTCTCCTTTCACTACCAGTCTTAGCAGCTGGCATTACAATACTTCTAACAGACCGAAACCTGAATACAACATTTTTCGATCCTGCCGGAGGCGGGGACCCAATCCTATATCAACATCTCTTC
59f3dc1659236f043ab1bbcf9f8b4167fd3b13cc,ATTAGCCGGAAATCTAGCCCATGCTGGGGCTTCTGTAGATTTAGCTATCTTCTCCCTCCACCTAGCAGGTGTGTCATCCATTCTAGGGGCAATTAATTTCATCACCACAATTATCAATATGAAACCCCCAGCCTTATCTCAGTACCAAACCCCACTATTCGTTTGATCCGTAATAATTACAGCAGTCCTTCTTCTCCTATCACTGCCAGTCTTAGCAGCTGGCATCACAATGCTTCTAACAGACCGAAACCTGAATACAACATTTTTCGATCCTGCCGGAGGCGGGGACCCAATCCTATATCAACATCTCTTC
5da80e8bf6d32c84c9462d0bfce47c8db0074d18,ATTAGCCGGAAACCTAGCCCACGCTGGAGCTTCTGTAGATTTAGCTATCTTCTCTCTCCACCTAGCGGGCGTGTCATCCATCCTAGGGGCTATCAACTTCATTACTACTATTATTAATATAAAACCACCAGCCCTGTCTCAATATCAAACACCACTGTTCGTTTGATCCGTAATAATTACAGCAGTCCTCCTTCTCCTTTCACTACCAGTCTTAGCAGCTGGCATTACAATACTTCTAACAGACCGAAACCTGAACACAACATTCTTTGACCCTGCAGGAGGTGGAGACCCAATCCTATATCAACATCTTTTC
5f043121f3e69abcc25709244acdb699ffee2ea7,ATTAGCAGGAATTGAAGCACATTCAGGAGGTTCTGTAGATTTAGCTATTTTTAGTTTACATATTGCGGGAGCTTCATCTATTGCAGGAGCTATTAATTTTATGACTACTATTATTAATATGCGTGCACCTGGAATGACATGACATCGTACACCATTATTTGTATGATCTGTATTTTTAACAGCAATTTTATTATTATTATCATTGCCAGTTTTAGCAGGAGCTATTACTATGTTATTAACAGACCGTAATTTTAATACAACTTTTTTTGATCCTGCAGGAGGAGGAGATCCTATTTTATATCAACATTTATTT
605adabd0e3ab806c3f02eb261142e9cca50a3c6,TCTTTCTAGAAATATTGCGCATGCTGGAAGGTCTGTAGATTTTGCAATTTTTTCACTACATTTAGCTGGAGTTAGGTCTATCTTAGGAGCAGTTAATTTTATCAGAACGTTAGGAAACCTCCGTGCTTTCGGAATAATTCTAGATCGAATACCTCTATTCGCTTGATCAGTTCTTATTACTGCAGTACTATTGCTGCTTTCTTTGCCAGTTTTAGCGGGAGCTATTACTATATTGTTAACAGACCGAAATTTAAACTCTAGGTTCTATGATGCTAGAGGAGGAGGAGATCCAATTTTATATCAGCATTTATTC
609a49f63075aea7ceca149edf2e16ae94f53346,ATTAGCCGGAAACCTAGCTCACGCTGGAGCTTCTGTAGATTTAGCTATCTTCTCTCTCCACCTAGCGGGCGTATCATCCATCCTAGGGGCTATTAACTTCATTACCACCATTATTAATATAAAACCACCAGCCCTGTCTCAATATCAAACACCACTGTTCGTTTGATCCGTAATAATTACAGCAGTCCTCTTTCTCCTTTCACTACCAGTCTTAGCAGCTGGCATTACAATACTTCTAACAGACCGAAACCTGAACACAACATTCTTTGACCCTGCAGGAGGTGGAGACCCAATCCTATATCAACATCTTTTC
6313eef1db51679eb8ea7601c3d6e587a5a7e823,ATTAGCTGGAAATCTAGCCCACGCAGGAGCTTCAGTAGATTTAGCTATTTTCTCCCTCCACCTGGCAGGTGTATCATCCATTCTAGGAGCCATTAATTTTATTACTACAATTATTAACATGAAACCACCGGCCCTAACTCAATACCAAACCCCACTATTCGTATGATCCGTAATAATTACAGCAGTCCTCCTTCTCCTTTCACTACCAGTCTTAGCAGCTGGCATTACAATACTTCTAACAGACCGAAACCTGAACACAACATTCTTTGACCCTGCAGGAGGTGGAGACCCAATCCTATATCAACATCTTTTC
650bf7a0d35a026fb44fdd941fb65692689d2779,GCTTTCAAGTGGAACTTCTCACTCAGGTGGTGCTGTTGATCTAGCTATTTTCAGTCTACACCTTTCAGGAGCTTCATCAATCCTAGGAGCAATTAACTTTATATGTACTATTTTCAATATGAGAGTGAAAAGTTTGTCATTCCACAACTTACCTCTTTTTGTTTGGGCTGTTTTAATTACGGCTTTTCTATTATTGTTGTCTTTACCTGTTTTAGCAGGAGCAATAACAAAGTTATTGACTGATAGAAATTTCAACACTACTTTCTTCGATCCTGCGGGGGGAGGAGATCCTGTGCTATACCAGCATTTGTTC
66a69875e08ccbb96fcb4ff9dbec842f4f29a020,ATTAGCCGGAAACCTAGCTCACGCTGGAGCTTCTGTAGATTTAGCTATCTTCTCTCTCCACCTAGCGGGCGTGTCATCCATCCTAGGGGCTATCAACTTCATTACTACTATTATTAATATAAAACCACCAGCCCTGTCTCAATATCAAACACCACTGTTCGTTTGATCCGTAATAATTACAGCAGTCCTCCTTCTCCTTTCACTACCAGTCTTAGCAGCTGGCATTACAATACTTCTAACAGACCGAAACCTGAACACAACATTCTTTGACCCTGCAGGAGGTGGAGACCCAATCCTATATCAACATCTTTTC
6a404a966efca1ddffe01414f8df455e49ec170b,ATTAGCCGGAAACCTAGCTCACGCTGGAGCTTCTGTAGATTTAGCTATCTTCTCTCTCCACCTAGCGGGCGTATCATCCATCCTAGGGGCTATTAACTTCATTACCACCATTATTAATATAAAACCACCAGCCCTGTCTCAATATCAAACACCACTGTTCGTTTGATCCGTAATAATTACAGCAGTTCTCCTTCTCCTTTCACTACCAGTCTTAGCAGCTGGCATTACAATACTTCTAACAGACCGAAACCTGAACACAACATTCTTTGACCCTGCAGGAGGTGGAGACCCAATCCTATATCAACATCTTTTC
6ae7dd3f17778cf447b3b8835e02b8d724bbee39,TAGCAGGTAACCTCGCCCACGCTGGAGCCTCTGTTGACCTCGCCATCTTCTCACTACACCTAGCTGGTGTTTCTTCTATCCTAGGTGCAATCAACTTTATTACAACAGCCGTTAACATAAAACCCCCAGCCCTTTCACAATACCAAACCCCTCTATTCGTGTGATCAGTCCTAATCACCGCCATCCTACTACTACTATCACTCCCAGTACTCGCTGCAGGTATTACCATGCTCCTCACGGACCGAAATCTCAATACCACATTCTTTGATCCCGCGGGAGGAGGAGACCCCGTCCTATACCAACACCTCTTC
6b3ad049837b6645ca32643e8800aa00e44cfb47,ATTAGCCGGAAATCTAGCCCATGCTGGGGCTTCTGTAGATTTAGCTATCTTCTCCCTCCACCTAGCAGGTGTGTCATCCATTCTAGGGGCAATTAATTTCATCACCACAATTATCAATATGAAACCCCCAGCCTTATCTCAGTACCAAACCCCACTATTCGTTTGATCCGTAATAATTACAGCAGTCCTTCTTCTCCTATCACTGCCAGTCTTAGCAGCTGGCATCACAATGCTTCTAACAGACCGAAACCTGAACACAACATTCTTTGACCCTGCAGGAGGTGGAGACCCAATCCTATATCAACATCTTTTC
6bbc0a2ad257a013ed393affcbcef512cb66b4d8,ATTAGCCGGAAACCTAGCTCACGCTGGAGCTTCTGTAGATTTAGCTATCTTCTCCCTCCACCTAGCAGGTGTATCATCCATTCTAGGGGCAATTAATTTCATTACCACGATTATCAACATGAAACCCCCAGCCTTATCTCAATATCAAACCCCACTATTCGTTTGATCCGTAATAATTACAGCAGTCCTTCTTCTCCTTTCACTACCAGTCTTAGCAGCTGGTATCACAATGCTTCTAACAGACCGAAACCTGAACACAACATTTTTCGATCCTGCCGGGGGCGGAGACCCAATCCTATATCAACATCTTTTC
6c179b1137455a1299a5ab1df5031779c4d56b45,ATTAGCCGGAAACCTAGCTCACGCTGGAGCTTCTGTAGATTTAGCTATCTTCTCTCTCCACCTAGCGGGCGTATCATCCATCCTAGGGGCTATTAACTTCATTACCACCATTATTAATATAAAACCACCAGCCCTGTCTCAATATCAAACACCACTGTTCGTTTGATCCGTAATAATTACAGCAGTCCTCCTTCTCCTTTCACTACCAGTCTTAGCAGCTGGCATTACAATACTTCTAACAGACCGAAGCCTGAACACAACATTCTTTGACCCTGCAGGAGGTGGAGACCCAATCCTATATCAACATCTTTTC
6ef8970b9b7d4c7401977177cc21489f5c574d31,TTTATCAAGTGTTCAAGCACATTCAGGACCTTCAGTTGACCTTGCTATTTTCAGTTTACACTTAGCAGGAGCTTCTTCTATTCTTGGTGCTGTTAATTTCATTACAACAATTATTAACATGCGACCTCCAGGAATGACATTCCATAAAATGCCTTTATTTGTATGGTCTGTTTTAATTACAGCTGTTTTACTACTTCTTTCTTTACCGGTTCTTGCAGGAGCTATTACAATGCTTCTTACAGACCGTAACTTCAATACAACATTCTTTGATCCAGCTGGAGGAGGAGATCCTATTCTTTGTCAACACCTATTC
6faaeef4c20702bc0258c403a592f90f90b9de38,ATATTCATCTTATCCTGGTTCCTCTTGATTATCCACCGATTTTATTATTTTTTCTTTACATTTAGCAGGTGCTAGTTCTATTTTATCTTCAATAAATTTTATAGTCACTGTTTTCGTATTGCCTATAAATTATAATTTTTGATTTTTCCAATATCCTCTTTTTATAGTTGCTCAACTTACTGTAAGCTTTCTTTTATTAATTTCTCTACCAGTCTTAGCTGCTGCAATTACCATGTTACTTTTTGATCGTAATTTTTCCACTTACTTTTTTAGCAATGTTAATGGAGGTGATGCTTTACTCTATCAACATCTGTTT
726b9dcfaa0aa696d45823e6d27725ce82aaa286,ATTAGCCGGAAACCTAGCTCACGCTGGAGCTTCTGTAGATTTAGCTATCTCCTCTCTCCACCTAGCGGGCGTATCATCCATCCTAGGGGCTATTAACTTCATTACCACCATTATTAATATAAAACCACCAGCCCTGTCTCAATATCAAACACCACTGTTCGTTTGATCCGTAATAATTACAGCAGTCCTCCTTCTCCTTTCACTACCAGTCTTAGCAGCTGGCATTACAATACTTCTAACAGACCGAAACCTGAACACAACATTCTTTGACCCTGCAGGAGGTGGAGACCCAATCCTATATCAACATCTTTTC
726bd5fdee03a46f9d923299b15b897a552d6d9c,ATTAGCCGGAAACCTAGCTCACGCTGGAGCTTCTGTAGATTTAGCTATCTTCTCTCTCCACCTAGCGGGCGTATCATCCATCCTAGGGGCTATTAACTTCATTACCACCATTATTAATATAAAACCACCAGCCCTGTCTCAATATCAAACACCACTGTTCGTTTGATCCGTAATAATTACAGCAGTCCTCCTTCTCCTTTCACTACCAGTCTTAGCAGCTGGCATTACAATACTTCTAACAGACCCAATCCTATATCAACATCTTTTC
72ea4cbb388342dfbf579b74c395fbe76d6b1d32,ATTAGCCGGAAACCTAGCTCACGCTGGAGCTTCTGTAGATTTAGCTATCTTCTCCCTCCACCTAGCAGGTGTGTCATCCATTCTAGGGGCAATTAATTTCATCACCACAATTATCAATATGAAACCCCCAGCCTTATCTCAGTACCAAACCCCACTATTCGTTTGATCCGTAATAATTACAGCAGTCCTTCTTCTCCTATCACTGCCAGTCTTAGCAGCTGGCATCACAATGCTTCTAACAGACCGAAACCTGAACACAACATTCTTTGACCCTGCAGGAGGTGGAGACCCAATCCTATATCAACATCTTTTC
749cfc74c88bd3fee27bb79fb280aad7b93b503c,CTTATCAAGTGCAACAGCTCACTCTGGGGGTTCAGTAGACTTAGCAATATTTAGCTTACATTTATCAGGTGCATCTTCTATTTTAGGTGCTATTAATTTCATCTGTACTATTTTTAACATGCGAGTGAAAAGTTTATCTTTTCATAATCTTCCCCTATTTGTATGATCTGTTTTAATTACTGCATTTTTATTGCTATTATCTTTACCTGTACTAGCTGGGGCGATCACAATGTTATTAACGGACAGAAATTTCAATACTACCTTTTTTGACCCAGCTGGTGGAGGAGACCCTGTGTTATTCCAACACCTTTTT
758310654162faa384ee5a1da9382a65910262a2,ATTAGCCGGAAACCTAGCTCACGCTGGAGCTTCTGTAGATTTAGCTATCTTCTCCCTCCACCTAGCAGGTGTATCATCCATTCTAGGGGCAATTAATTTCATTACCACGATTATCAACATGAAACCCCCAGCCTTATCTCAATATCAAACCCCACTATTCGTTTGATCCGTAATAATTACAGCAGTCCTTCTTCTCCTTTCACTACCAGTCTTAGCAGCTGGTATCACAATGCTTCTAACAGACCGAAACCTGAACACAACATTTTTCGATCCTGCCGGGGGCGGAGACCCAATCCTATATCAACATCTCTTC
7691ff9b30d2716aa16b35850ca1155a3797e3d9,ATTAGCCGGAAACCTAGCTCACGCTGGAGCTTCTGTAGATTTAGCTATCTTCTCTCTCCACCTAGCGGGCGTATCATCCATCCTAGGGGCTATTAACTTCATTACCACCATTATTAATATAAAACCACCAGCCCTGTCTCAATATCAAACACCACTGTTCGTTTGATCCGTAATAATTACAGCAGTCCTCCTTCTCCTTTCACTACCAGTCTTAGCAGCTGGCATTACAATACTTCTAACAGACCGAAACCTGAACACAACATTCTTTGACCCTGCCGGAGGTGGAGACCCAATCCTATACCAACATCTTTTC
7fd42272b7ec989241c5f3cfe98f395246ffc921,ATTAGCAAGTATTGCATTCCACTCAGGAGGAGCAGTTGATTGTGCAATTTTCGCTCTTCACGTTGCAGGAGCTTCTTCTATTCTTGGAGCAGTAAACTTTATTACAACTGTAATGAACATGCGAGCTCCAGGAATTAGTCTTCATCGAATGCCTCTATTCGTATGAAGTGTTTTTGTAACTGTTGTACTTCTTCTATTAGCTGTACCTGTACTTGCAGGAGCAATTACGATGCTATTAACAGATCGAAACTTTAACACAACTTTCTTTGACCCAGCAGGGGGAGGAGATCCTGTACTTTATCAGCACCTTTTC
808b460f804af1b347e1fc17e547d61e0a291dd8,ATTAGCCGGAAACCTAGCTCACGCTGGAGCTTCTGTAGATTTAGCTATCTTCTCTCTCCACCTAGCGGGCGTATCATCCATCCTAGGGGCTATTAACTTCATTACCACCATTATTAATATAAAACCACCAGCCCTGTCTCAATATCAAACACCACTGTTCGTTTGATCCGTAATAATTACAGCAGTCCTTCTTCTCCTATCACTGCCAGTCTTAGCAGCTGGCATCACAATGCTTCTAACAGACCGAAACCTGAATACAACATTTTTCGATCCTGCCGGAGGCGGGGACCCAATCCTATATCAACATCTCTTC
80bdca97a48744dc50eeb39b271db980b65a9828,ATTAGCCGGAAACCTAGCTCACGCTGGAGCTTCTGTAGATTTAGCTATCTTCTCCCTCCACCTAGCAGGTGTGTCATCCATTCTAGGGGCAATTAATTTCATCACCACAATTATCAATATGAAACCCCCAGCCTTATCTCAGTACCAAACCCCACTATTCGTTTGATCCGTAATAATTACAGCAGTCCTCCTTCTCCTTTCACTACCAGTCTTAGCAGCTGGCATTACAATACTTCTAACAGACCGAAACCTGAACACAACATTCTTTGACCCTGCAGGAGGTGGAGACCCAATCCTATATCAACATCTTTTC
83f49a077bfdc32b1e23efc4a9b8917444bd55ae,CCCTCGCCCGCGAAGATTAGTTTCAATTAGACGGGCTGGAGGCGAAAGTCAGGACTTGGTGAAAGATTAAAACAAGAAGGGAGAAAGTTTCCATTGCTTTTGCTCCGGGCCTACACAAGAGGGTTCAGTGAGATCATGCTAATTGAAGGCAAAGCTTGCATGGAAGTTAGGAAGAACTCGCATTAATTGATTCGATGCTGTG
882f7cd7c3a7d28258ad91ce5eee3a9abe224144,AAGTTTGAGAGAGCTTGAATGAATTGTTACAGTTAAGATTCAGCGGTGCTTATTAGATGCCTGTTAGATGTTTAACAAGAAACAAGCTGACGCGTTAACCATGTTGATTTTCCTCTAACGGGGATTGGGTTGAAGTCCTGCTAAGGTTATCAGTCAAGCTTATTTATCAAAAGCACAAGACCAATTAGTTGTAATGAGAAATGTGTGGAAGTCAAGCAGTCTTACGAGGATTTTGGAGACATTTCCTGTGGGGA
886ce2f7018dab54908e056b3785d7b14712763a,ATTAGCTGGAAATCTGGCCCACGCTGGGGCTTCAGTAGATTTAGCTATCTTCTCCCTCCACCTAGCAGGTGTATCATCCATTCTAGGGGCAATTAATTTCATTACCACGATTATCAACATGAAACCCCCAGCCTTATCTCAATATCAAACCCCACTATTCGTTTGATCCGTAATAATTACAGCAGTCCTTCTTCTCCTTTCACTACCAGTCTTAGCAGCTGGTATCACAATGCTTCTAACAGACCGAAACCTGAACACAACATTTTTCGATCCTGCCGGGGGCGGAGACCCAATCCTATATCAACATCTTTTC
88ccec0a17a09ca8d5f3a1b4c05cba3cabb3816b,ATTAGCCGGAAACCTAGCTCACGCTGGAGCTTCTGTAGATTTAGCTATCTTCTCTCTCCACCTAGCGGGCGTATCATCCATCCTAGGGGCTATTAACTTCATTACCACCATTATTAATATAAAACCACCAGCCCTGTCTCAATATCAAACACCACTGTTCGTTTGATCCGTAATAATTACAGCAGTCCTCCTTCTCCTTTCACTACCGGTCTTAGCAGCTGGCATTACAATACTTCTAACGGACCGAAACCTGAACACAACATTCTTTGACCCTGCAGGAGGTGGAGACCCAATCCTATATCAACATCTTCTC
89cda88be0d192f6c1e225abb185373f51b99323,CACCAAACAGTACAATATTCTGTACCAAAGAGATGCTTAATAATGTTGTATTGAATTGGGTCTTTCCCATGGCTAGTACATAGCAGAAGTCTAAACATATGGTAGATTCTCAGTGAATATTTGTTGATTGGTTGAGAGTGTTTCAACATCCCAACTGACCCACTGACCTCACTGCTGGAAGTTTCTGTCCCCCCATGTCC
8a219339afeee32168422ced84ad3eda64490844,ATTAGCCGGAAACCTAGCTCACGCTGGAGCTTCTGTAGATTTAGCTATCTTCTCTCTCCACCTAGCGGGCGTATCATCCATCCTAGGGGCTATTAACTTCATTACCACCATTATTAATATAAAACCACCAGCCCTGTCTCAATATCAAACACCACTGTTCGTTTGATCCGTAATAATTACAGCAGTCCTCCTTCTCCTTTCACTACCAGTCTTAGCAGCTGGCATTACAATACTTCTAACAGACCGAAACCTGAACACAACATTTTTCGATCCTGCCGGGGGCGGAGACCCAGTCCTATATCAACATCTCTTC
9103444a5c869c80a7394d7d6ae987f16d247a0f,GATTTTCAGTCTGTTTTCAGGCTTAGGCACTCTGAAGAATTACTACTTCTTCAAACACAAGGACTCTGAATCCTCCAGAAGCAAGCATCCCCTTCATAGGCAGAAACTTACATAGCTAAAAAACAAATGCTATAAAAATTGAAATTTAACCTCTTCCTCCTTTGTTTTCCTAGCCTTAGGAAAACATTTGTTTCAGTTTCCCC
935860b1712f5b02909e58413afacf1c30416e70,CTTAGCAGGCAACCTAGCCCATGCAGGAGCTTCAGTAGATCTAACCATTTTCTCTTTACACTTAGCAGGAGTTTCCTCAATTTTAGGAGCCATCAACTTCATTACAACAATTATCAACATAAAGCCCCCCGCAATGTCACAATACCAAACCCCTCTGTTCGTATGATCCGTAATAATTACCGCCGTACTACTACTACTCTCGCTCCCTGTATTAGCAGCCGGCATCACAATGCTATTAACAGACCGGAACCTAAATACAACCTTCTTCGACCCGGCAGGAGGAGGAGACCCTATTCTATATCAACACTTATTC
95879b92bf6e6cb13e748143e531e3ec46e408b5,TTTATCAAGTGTTCAAGCACATTCAGGACCTTCAGTTGACCTTGCTATTTTCAGTTTACACTTAGCAGGAGCTTCTTCTATTCTTGGTGCTGTTAATTTCATTACAACAATTATTAACATGCGACCTCCAGGAATGACATTCCATAAAATGCCTTTATTTGTATGGTCTGCTTTAATTACAGCTGTTTTACTACTTCTTTCTTTACCGGTTCTTGCAGGAGCTATTACAATGCTTCTTACAGATCGTAACTTCAATACAACCTTCTTCGATCCAGCTGGAGGAGGAGATCCTATTCTTTATCAACACCTGTTC
96c7f5f63873a6eb9807cc73724190ff7c50080f,ATTAGCCGGAAATCTAGCCCATGCTGGGGCTTCTGTAGATTTAGCTATCTTCTCCCTCCACCTAGCAGGTGTGTCATCCATTCTAGGGGCAATTAATTTCATCACCACAATTATCAATATGAAACCCCCAGCCTTATCTCAGTACCAAACCCCACTATTCGTTTGATCCGTAATAATTACAGCAGTCCTTCTTCTCCTATCACTGCCAGTCTTAGCAGCTGGCATCACAATGCTTCTAACAGACCGAAACCTGAATACAACATTTTTCGATCCTGCCGGAGGCGGGGACCCAATCCTGTATCAACATCTCTTC
97b25d55ea7416b1162c7cec21ee6433bcb7ede0,GCTATCAAGCGGTACTTCTCATTCAGGAGGTGCTGTAGATTTAGCTATTTTTAGTCTTCATTTATCAGGCGCATCTTCTATTTTAGGAGCAATTAATTTTATTTGTACAATTTTTAATATGAGAGTAAAAAGTCTGGCTTTTCATAAATTACCATTATTTGTTTGGGCTGTTTTAATTACAGCATTTTTATTATTGTTATCATTACCTGTTTTAGCAGGTGCTATTACAATGTTATTAACTGATAGAAATTTTAATACCACTTTTTTTGATCCTGCTGGGGGAGGAGATCCTGTTTTATATCAACATTTATTT
9827462eaf4177de6c4f73ffe2a8b8c3432c7b99,ATTAGCCGGAAATCTAGCCCATGCTGGGGCTTCTGTAGATTTAGCTATCTTCTCCCTCCACCTAGCAGGTGTGTCATCCATTCTAGGGGCAATTAATTTCATCACCACAATTATCAATATGAAACCCCCAGCCTTATCTCAGTACCAAACCCCACTATTCGTTTGATCCGTAATAATTACAGCAGTCCTCCTTCTCCTTTCACTACCAGTCTTAGCAGCTGGCATTACAATACTTCTAACAGACCGAAACCTGAACACAACATTCTTTGACCCTGCAGGAGGTGGAGACCCAATCCTATATCAACATCTTTTC
989079aa88b78d930f4be9f4631b5ac0cad6940c,ATTAGCCGGAAACCTAGCTCACGCTGGAGCTTCTGTAGATTTAGCTATCTTCTCTCTCCACCTAGCGGGCGTATCATCCATCCTAGGGGCTATTAACTTCATTACCACCATTATTAATATAAAACCACCAGCCCTGTCTCAATATCAAACACCACTGTTCGTTTGATCCGTAATAATTACAGCAGTCCTCCTTCTCCTTTCACTACCAGTCTTAGCAGCTGGCATCACAATGCTTCTAACAGACCGAAACCTAAATACAACATTTTTCGATCCTGCCGGAGGCGGGGACCCAATCCTATATCAACATCTTTTC
9925684cd5cce61407aadbe42328d90834a2d6b9,ATTAGCCGGAAACCTAGCTCACGCTGGAGCTTCTGTAGATTTAGCTATCTTCTCTCTCCACCTAGCGGGCGTATCATCCATCCTAGGGGCTATTAACTTCATTACCACCATTATTAATATAAAACCACCAGCCCTGTCTCAATATCAAACACCACTGTTCGTTTGATCCGTAATAATTACAGCAGTCCTCCTTCTCCTTTCACTACCAGTCTTAGCAGCTGGTATCACAATGCTTCTAACAGACCGAAACCTGAACACAACATTTTTCGATCCTGCCGGGGGCGGAGACCCAATCCTATATCAACATCTTTTC
99dd62fa68b371af40b1495b9224664f7ba5d584,CCTAGCCGGAAACCTAGCCCACGCCGGGCCATCCGTAGATTTAACTATCTTCTCTCTACACTTAGCCGGAGTATCTTCCATCCTCGGAGCAATTAACTTTATTACAACAGCAATCAACATAAAACCCCCAGCAATATCCCAATACCAAACACCACTATTTGTGTGATCCGTCCTAATTACAGCTGTACTTCTCCTACTATCCCTACCAGTACTAGCTGCTGGAATTACAATACTACTCACAGACCGCAACTTAAACACAACCTTCTTTGACCCCGCAGGGGGAGGAGATCCCATCCTATACCAACACCTCTTC
9c7be9d9891ac3e4b31945029a7556229211f7cb,ATTAGCAAGTATTGCATTCCACTCAGGAGGAGCAGTTGATTGTGCAATTTTTGCTCTTCACGTTGCAGGAGCTTCTTCTATTCTTGGAGCAGTAAACTTTATTACAACTGTAATGAACATGCGAGCTCCAGGAATTAGTCTTCACCGAATGCCTTTATTCGTATGAAGTGTTTTTGTAACTGTTGTACTTCTTCTATTAGCTGTACCTGTACTTGCAGGAGCAATTACGATGCTACTAACAGATCGAAACTTTAACACAACTTTCTTTGACCCAGCAGGGGGAGGAAATCCTGTACTTTACCAGCACCTTTTC
a20c5d018556b1269a113af3ba5caf930dc7e608,GTTAAGAAGAAACATTGCCCATGGGGGTGCATCTGTAGATCTCGCTATTTTCTCATTACACTTAGCGGGTGTATCCTCTTTACTAGGAGCGGTTAACTTTATTAGCACCCTAAGAAATTTACGTGCCATAGGAATGTTAATAGACCGAATGCCCTTGTTTCCATGAGCGGTGCTTGTAACTGCCGTACTACTACTTCTATCTCTGCCAGTACTAGCTGGGGCTATCACAATGCTTCTAACAGATCGTAACTTTAACTCTTCTTTTTACGACCCTAGGGGAGGAGGGGACCCCTTACTCTACCAACATCTTTTC
a917c458cf109fdef7f2ac32525f4f143d1ed4fb,ATTAGCCGGAAACCTAGCCCACGCTGGAGCTTCTGTAGATTTAGCTATCTTCTCTCTCCACCTAGCGGGCGTGTCATCCATCCTAGGGGCTATCAACTTCATTACTACTATTATTAATATAAAACCACCAGCCCTGTCTCAATATCAAACACCACTGTTCGTTTGATCCGTAATAATTACAGCAGTTCTCCTTCTCCTTTCACTACCAGTCTTAGCAGCTGGCATTACAATACTTCTAACAGACCGAAACCTGAACACAACATTCTTTGACCCTGCCGGAGGTGGAGACCCAATCCTATACCAACATCTTTTC
a9c63ddaa12480c97e8b2d127d0395609b4329e1,ATTAGCTGGAAATCTGGCCCACGCTGGGGCTTCAGTAGATTTAGCTATCTTCTCCCTCCACCTAGCAGGTGTATCATCCATTCTAGGGGCAATTAATTTCATTACCACGATTATCAACATGAAACCCCCAGCCTTATCTCAATATCAAACCCCACTATTCGTTTGATCCGTAATAATTACAGCAGTCCTTCTTCTCCTTTCACTACCAGTCTTAGCAGCTGGCATTACAATACTTCTAACAGACCGAAACCTGAACACAACATTCTTTGACCCTGCAGGAGGTGGAGACCCAATCCTATATCAACATCTTTTC
ab7476aec2a1c53d382b7631e90615e9e19c18c5,ATTAGCCGGAAATGTAGCCCATGCTGGGGCTTCTGTAGATTTAGCTATCTTCTCCCTCCACCTAGCAGGTGTGTCATCCATTCTAGGGGCAATTAATTTCATCACCACAATTATCAATATGAAACCCCCAGCCTTATCTCAGTACCAAACCCCACTATTCGTTTGATCCGTAATAATTACAGCAGTCCTTCTTCTCCTATCACTGCCAGTCTTAGCAGCTGGCATCACAATGCTTCTAACAGACCGAAACCTAAATACAACATTTTTCGATCCTGCCGGAGGCGGGGACCCAATCCTATATCAACATCTCTTC
ad2a244a57a75f9e4fbe4eda44492ce1d8f195c8,ATTAGCCGGAAACCTAGCTCACGCTGGAGCTTCTGTAGATTTAGCTATCTTCTCTCTCCACCTAGCGGGCGTATCATCCATCCTAGGGGCTATTAACTTCATTACCACCATTATTAATATAAAGCCACCAGCCCTGTCTCAATATCAAACACCACTGTTCGTTTGATCCGTAATAATTACAGCAGTCCTCCTTCTCCTTTCACTACCAGTCTTAGCAGCTGGCATTACAATACTTCTAACAGACCGAAACCTGAACACAACATTCTTTGACCCTGCAGGAGGTGGAGACCCAATCCTATATCAACATCTTTTC
af056d9ce84e33131f74186572c3a58187a692d0,ATTAGCCGGAAACCTAGCTCACGCTGGAGCTTCTGTAGATTTAGCTATCTTCTCCCTCCACCTAGCAGGTGTATCATCCATTCTAGGGGCAATTAATTTCATTACCACGATTATCAACATGAAACCCCCAGCCTTATCTCAATATCAAACCCCACTATTCGTTTGATCCGTAATAATTACAGCAGTCCTCCTTCTCCTTTCACTACCAGTCTTAGCAGCTGGCATTACAATACTTCTAACAGACCGAAACCTGAACACAACATTCTTTGACCCTGCAGGAGGTGGAGACCCAATCCTATATCAACATCTTTTC
b0b4e3a2f15b32a1ae027f628ff65107864f9b68,ACCCTCCAAATACGATCCCACTATCCCTCACATCTTAACCGGACTCACCCTTTTCTCTTTCCACTTCAAACCCTTCTGAGCTGTCTACTCAGAAAAGGCACATCTAAAAGAACCTTCCCAAGGAGAAAAGAGAACGCCAATTATTCTCAAGTCCCACTTCAACATAAAGTCAAATTATATTAATTCAGTACAAACCTCTGTGGTTCT
b8cf277a0e3ee9905e9dbfbb63892a09f989886a,TTTGAGTAGTGCATCTGGGCATCCTGGCCCTGCGGTTGATCTGGCTATATTCAGCCTGCATTTGGCTGGAGCCTCCTCTATCTTAGGGGCTATCAATATGTTAGCGACTATCTTTAATATGCGTACACCGGGAATGACGCTACATAAGATGCCCCTCTTTGTCTGGTCAGTGCTGATTACCGCTATACTCCTTATTCTCGCCCTACCGGTATTGGGTGGAGCGATTACCATGCTGCTGACGGATCGTAATTTTGGTACCACCTTCTTTAATCCAGCAGGAGGAGGAGACCCGGTCTTCTACCAGCATCTGTTC
b9fc97eec9aff73108befcee652429657fc1caeb,ATTAGCCGGAAACCTAGCTCACGCTGGAGCTTCTGTAGATTTAGCTATCTTCTCTCTCCACCTAGCGGGCGTATCATCCATCCTAGGGGCTATTAACTTCATTACCACCATTATTAATATAAAACCACCAGCCCTGTCTCAATATCAAACACCACTGTTCGTTTGATCCGTAATAATTACAGCAGTCCTCCTTCTCCTTTCACTACCAGTCTTAGCAGCTGGTATTACAATACTTCTAACAGACCGAAACCTGAACACAACATTCTTTGACCCTGCAGGAGGTGGAGACCCAATCCTATATCAACATCTTTTC
ba7464204c4107a3e012f236e3cdcf5c1d9abe79,ATTAGCCGGAAACCTAGCTCACGCTGGAGCTTCTGTAGATTTAGCTATCTTCTCTCTCCACCTAGCGGGCGTATCATCCATCCTAGGGGCTATTAACTTCATTACCACCATTATTAATATAAAACCACCAGCCCTGTCTCAATATCAAACACCACTGTTCGTTTGATCCGTAATAATTACAGCAGTCCTCCTTCTCCTTTCACTACCAGTCTTAGCAGCTGGTATCACAATGCTTCTAACAGACCGAAACCTGAACACAACATTTTTCGATCCTGCCGGGGGCGGAGACCCAGTCCTATATCAACATCTCTTC
bbef894d4da888b8df33f9c82ee8b94d41fb31f6,ATTAGCCGGAAACCTAGCTCACGCTGGAGCTTCTGTAGATTTAGCTATCTTCTCCCTCCACCTAGCAGGTGTATCATCCATTCTAGGGGCAATTAATTTCATTACCACGATTATCAACATGAAACCCCCAGCCTTATCTCAATATCAAACCCCACTATTCGTTTGATCCGTAATAATTACAGCAGTCCTTCTTCTCCTTTCACTACCAGTCTTAGCAGCTGGCATTACAATACTTCTAACAGACCGAAACCTGAACACAACATTCTTTGACCCTGCAGGAGGTGGAGACCCAATCCTATATCAACATCTTTTC
bd768f8eeee38f87254990605ac3aebb54c1d6d0,ATTAGCCGGAAACCTAGCTCACGCTGGAGCTTCTGTAGATTTAGCTATCTTCTCTCTCCACCTAGCGGGCGTATCATCCATCCTAGGGGCTATTAACTTCATTACCACCATTATTAATATAAAACCACCAGCCCTGTCTCAATATCAAACACCACTGTTCGTTTGATCCGTAATAATTACAGCAGTCCTCCTTCTCCTTTCACTACCAGTCTTAGCAGCTGGCATTACAATACTTCTAACAGACCGAAACCTGAACACAACATTCTTTGACCCTGCAGGAGGTGGAGACCCAATCCTATATCAACATCTCTTC
be29e307e90aad250ef57983bb61089cfa2376ec,TCTTTCAAGTGGTAATTCTCACTCTGGACCTGCTGTAGATTTAGCAATTTTTAGTCTTCATTTATCTGGAGCTGCTTCAATATTAGGTGCTATAAACTTTATTTGTACCATATTAAATATGAGAACTAAAGGGTTGTATATGCATAAACTACCTTTGTTTGCTTGGTCAATTTTGATTACTGCAGTTTTATTGCTCTTATCGTTACCAGTTTTGGCCGGTGCTATTACAATGTTATTAACTGATAGGAATTTCAATACTACTTTTTTCGATCCCGCTGGAGGAGGAGATCCTGTATTATATCAACATTTATTT
be4fbc95c5b2a087c798080e3733a6d9f9e4aead,ATTAGCAAGTATTGCATTCCACTCAGGAGGAGCAGTTGATTGTGCAATTTTTAATATGCGAGTTAAAAGTTTGTCTTTTCATAAACTTCCGTTATTTGTTTGGTCTGTTTTAATTACCGCTTTTTTATTATTACTTTCTTTACCTGTTTTAGCTGGTGCTATTACTATGCTATTAACCGATAGAAACTTTAATACAACCTTTTTTGATCCCGCAGGTGGAGGAGATCCTGTATTATACCAACATCTATTT
c25fad60feb58c4edc3c466c580ec5207d290d6e,TTTATCAAGTGTTCAAGCACATTCAGGACCTTCAGTTGACCTTGCTATTTTCAGTTTACACTTAGCAGGAGCTTCTTCTATTCTTGGTGCTGTTAATTTCATTACAACAATTATTAACATGCGACCTCCAGGAATGACATTCCATAAAATGCCTTTATTTGTATGGTCTGTTTTAATTACAGCTGTTTTACTACTTCTTTCTTTACCGGTTCTTGCAGGAGCTATTATAATGCTTCTTACAGATCGTAACTTCAATACAACCTTCTTCGATCCAGCTGGAGGAGGAGATCCTATTCTTTATCAACACCTGTTC
c426bfbdb530c48e243d1a15d4d94c27efba4daf,ATTAGCCGGAAACCTAGCTCACGCTGGAGCTTCTGTAGATTTAGCTATCTTCTCCCTCCACCTAGCAGGTGTGTCATCCATTCTAGGGGCAATTAATTTCATCACCACAATTATCAATATGAAACCCCCAGCCTTATCTCAGTACCAAACCCCACTATTCGTTTGATCCGTAATAATTACAGCAGTCCTTCTTCTCCTATCACTGCCAGTCTTAGCAGCTGGCATTACAATACTTCTAACAGACCGAAACCTGAACACAACATTCTTTGACCCTGCAGGAGGTGGAGACCCAATCCTATATCAACATCTTTTC
c6006dfbe386c422d088fd05541a36770c795649,ACTAAGTCATATTACTAGTCACTCAGGAGGTGCTGTAGATTTAGCTATTTTTAGTTTACACGTTTCAGGTGTAAGTAGTATTTTAGGTGCAATCAACTTTATTACTACCATCTTTAATATGCGTGGACCTGGATTATTAATGCATCGCTTACCTTTATTTGTATGGAGTGTTTTAATTACAGCGTTTTTACTTCTTCTCTCATTACCTGTACTTGCAGGTGCAATTACAATGTTACTAACTGATCGAAACTTTTCAACCAGTTTCTTTGACCCAAGTGGTGGAGGAGACCCTATTTTATATCAACATTTATTC
c6ffba7c1b08c2f24221eef21302e16c9da37036,ATTAGCCGGAAACCTAGCTCACGCTGGAGCTTCTGTAGATTTAGCTATCTTCTCCCTCCACCTAGCAGGTGTGTCATCCATTCTAGGGGCAATTAATTTCATCACCACAATTATCAATATGAAACCCCCAGCCTTATCTCAGTACCAAACCCCACTATTCGTTTGATCCGTAATAATTACAGCAGTCCTTCTTCTCCTATCACTGCCAGTCTTAGCAGCTGGCATCACAATGCTTCTAACAGACCGAAACCTAAATACAACATTTTTCGATCCTGCCGGAGGCGGGGACCCAATCCTATATCAACATCTTTTC
c7de3df5ced349166084e28e526be8b06965ebad,TCTTTCAAGTGTACAAGCACACTCAGGTCCATCTGTTGATTTAGCTATTTTTAGTTTACACCTTTCTGGTGCGTCTTCAATTTTAGGAGCAATTAATTTTATTACTACTATTTTTAACATGCGTGCACCTGGTTTAACCATGCACCGACTTCCTCTTTTCGTTTGGGCAGTTTTAGTTACTGCATTTTTATTATTATTATCGTTACCTGTTTTAGCAGGAGCGATTACTATGCTATTAACCGATCGAAACTTCAATACTGCTTTCTTTGATCCAGCAGGTGGAGGTGATCCCGTTTTATACCAGCATCTTTTT
cc8f0ae362d07be08639a10037aa467f9a8ba90a,GGAACTGGATGAACTGTTTATCCCCCATTAGCCGGAAACCTAGCTCACGCTGGAGCTTCTGTAGATTTAGCTATCTTCTCTCTCCACCTAGCGGGCGTATCATCCATCCTAGGGGCTATTAACTTCATTACCACCATTATTAATATAAAACCACCAGCCCTGTCTCAATATCAAACACCACTGTTCGTTTGATCCGTAATAATTACAGCAGTCCTCCTTCTCCTTTCACTACCAGTCTTAGCAGCTGGCATTACAATACTTCTAACAGACCGAAACCTGAACACAACATTCTTTGACCCTGCAGGAGGTGGAGACCCAATCCTATATCAACATCTTTTC
cffc9e0477a2b8e4f17ad2eaba9374beb92c9869,ATTAGCCGGAACTGGTTGAACTGTATATCCCCCATTAGCCGGAAACCTAGCTCACGCTGGAGCTTCTGTAGATTTAGCTATCTTCTCTCTCCACCTAGCGGGCGTATCATCCATCCTAGGGGCTATTAACTTCATTACCACCATTATTAATATAAAACCACCAGCCCTGTCTCAATATCAAACACCACTGTTCGTTTGATCCGTAATAATTACAGCAGTCCTCCTTCTCCTTTCACTACCAGTCTTAGCAGCTGGCATTACAATACTTCTAACAGACCGAAACCTGAACACAACATTCTTTGACCCTGCAGGAGGTGGAGACCCAATCCTATATCAACATCTTTTC
d5911285d8e01febd3509e96e3858b273fa09baf,ACTAAGTCATATTACTAGTCACTCAGGAGGTGCTGTAGATTTAGCTATTTTTAGTTTACACGTTTCAGGTGCAAGTAGTATTTTAGGTGCAATCAACTTTATTACTACCATCTTTAATATGCGTGGACCTGGATTATTAATGCATCGCTTACCTTTATTTGTATGGAGTGTTTTAATTACAGCGTTTTTACTTCTTTTCTCATTACCTGTACTTGCAGGTGCAATTACAATGTTACTAACTGATCGAAACTTTTCAACCAGTTTCTTTGACCCAAGTGGTGGAGGAGACCCTATTTTATATCAACATTTATTC
d6e7c53a758722bcbe0089d52998693673be4940,TTTATCAAGTGGAACTGCTCATTCAGGCGGTGCTGTTGATTTAGCAATTTTTAGCCTACACTTATCAGGTGCGTCATCTATTTTAGGAGCTATTAATTTTATTTGTACAATTTTTAATATGCGAGTTAAAAGTTTGTCTTTTCATAAACTTCCGTTATTTGTTTGGTCTGTTTTAATTACCGCTTTTTTATTATTACTTTCTTTACCTGTTTTAGCTGGTGCTATTACTATGCTATTAACCGATAGAAACTTTAATACAACCTTTTTTGATCCCGCAGGTGGAGGAGATCCTGTATTATACCAACATCTTTTC
d8f665d3179fb19462e272329db55ed1ae016390,ATTAGCCGGAAACCTAGCTCACGCTGGAGCTTCTGTAGATTTAGCTATCTTCTCTCTCCACCTAGCGGGCGTATCATCCATCCTAGGGGCTATTAACTTCATTACCACCATTATTAATATAAAACCACCAGCCCTGTCTCAATATCAAACACCACTGTTCGTTTGATCCGTAATAATTACAGCAGTTCTCCTTCTCCTTTCACTACCAGTCTTAGCAGCTGGCATTACAATACTTCTAACAGACCGAAACCTGAACACAACATTCTTTGACCCTGCCGGAGGTGGAGACCCAATCCTATACCAACATCTTTTC
da0d96a0d9c2f23bdd26d0116944d2a57286a2cc,TCTTTCAAGTGTACAAGCACACTCAGGTCCATCTGTTGATTTAGCTATTTTTAGTTTACACCTTTCTGGTGCGTCTTCAATTTTAGGAGCAATTAATTTTATTACTACTATTTTTAACATGCGTGCACCTGGTTTAACCATGCACCGACTTCCTCTTTTCGTTTGGGCAGTTTTAGTTACTGCATTTTTATTATTATTATCGTTACCTGTTTTAGCAGGAGCGATTACTATGCTATTAACTGATCGAAACTTCAATACTGCTTTCTTTGATCCAGCAGGTGGAGGTGATCCCGTTTTATACCAGCATCTTTTT
db460e0cfaa0b2a9ebae3c3d737f324897e5cbfd,TCTTTCAAGTGGAACTTCTCATTCAGGTGGAGCTGTTGATTTAGCTATTTTCAGTTTACATCTTTCAGGAGCTTCATCAATTCTAGGAGCAATTAATTTTATATGTACCATCTTTAACATGAGGGTAAAAAGTTTGTCATTCCATAACTTACCTCTTTTCGTTTGGGCTGTTCTAATTACAGCTTTTCTACTGTTGTTGTCTTTACCTGTATTAGCAGGAGCAATAACAATGCTATTGACAGATAGAAATTTCAACACTACTTTCTTCGATCCTGCTGGGGGAGGAGATCCTGTGTTGTATCAACATTTATTT
dca3b52b3e46d6012ea6e90870cef550050add0e,ATTAGCCGGAAACCTAGCTCACGCTGGAGCTTCTGTAGATTTAGCTATCTTCTCTCTCCACCTAGCGGGCGTATCATCCATCCTAGGGGCTATTAACTTCATTACCACCATTATTAATATAAAACCACCAGCCCTGTCTCAATATCAAACACCACTGTTCGTTTGATCCGTAATAATTACAGCAGTCCTCCTTCTCCTTTCACTACCAGTCTTAGCAGCTGGCATTACAATACTTCTAACAGACCGAAACCTGAACACAACATTCTTTGACCCTGCCGGAGGTGGAGACCCAATCCTATATCAACATCTTTTC
dec7b083f75a1e4c108647f2f5fecd7b56bec4bf,ATTATAGTACTTCATTAATGTCATTAGCAAGTTATAGTATCAATCTGGTTATCTATAGTTTAATTATATCAGGTCTATCATCAACATTAACATCTATATAACTTCTGTATTACTTGTTACACTATGTAAATGCTTAGGAACATCATTAACTACATTATCAACATATATCTAGATCAATTGGAATTACATCATCTATCTTATTAATCGTATTACCATTATTAACAGGTGCTTTACTAATGTTATTAACAGATATACACTATAATACAATATTCTTTGATCCATACTTTGGAGGTGATCCTATATTCTATCAACATTTGTTT
e125badf202abffe3c35c66ab8d9bdfd6f46d14d,ATTAGCAAGTATTGCATTCCACTCAGGAGGAGCAGTTGATTGTGCAATTTTCGCTCTTCACGTTGCAGGAGCTTCTTCTATTCCTGGAGCAGTAAACTTTATTACAACTGTAATGAACATGCGAGCTCCAGGAATTAGTCTTCACCGAATGCCTCTATTCGTATGAAGTGTTTTTGTAACTGTTGTACTTCTTCTATTAGCTGTACCTGTACTTGCAGGAGCAATTACGATGCTATTAACAGATCGAAACTTTAACACAACTTTCTTTGACCCAGCAGGGGGAGGAGATCCTGTACTTTATCAGCACCTTTTC
e2998e4251d4c7e6b9669ec890a589a201036807,ATTAGCCGGAAACCTAGCTCACGCTGGAGCTTCTGTAGATTTAGCTATCTTCTCTCTCCACCTAGCGGGCGTATCATCCATCCTAGGGGCTATTAACTTCATTACCACCATTATTAATATAAAACCACCAGCCCTGTCTCAATATCAAACACCACTGTTCGTTTGATCCGTAATAATTACAGCAGTCCTCCTTCTCCTTTCACTACCAGTCTTAGCAGCTGGTATTACAATACTCCTAACAGATCGAAACCTAAACACAACATTTTTCGATCCTGCTGGGGGTGGGGACCCAATCCTGTACCAACATCTTTTC
e2dcac1f314c91eca41797cee273ef554f1092df,ATTAGCTGGAAATCTGGCCCACGCTGGGGCTTCAGTAGATTTAGCTATCTTCTCCCTCCACCTAGCAGGTGTATCATCCATTCTAGGGGCAATTAATTTCATTACCACGATTATCAACATGAAACCCCCAGCCTTATCTCAATATCAAACCCCACTATTCGTTTGATCCGTAATAATTACAGCAGTCCTTCTTCTCCTTTCACTACCAGTCTTAGCAGCTGGTATCACAATGCTTCTAACAGACCGAAACCTGAACACAACATTCTTTGACCCTGCAGGAGGTGGAGACCCAATCCTATATCAACATCTTTTC
e35fa7a74d89d55ebfb94614e2dc410eb2660c37,ATTAGCCGGAAACCTAGCTCACGCTGGAGCTTCTGTAGATTTAGCTATCTTCTCTCTCCACCTAGCGGGCGTATCATCCATCCTAGGGGCTATTAACTTCATTACCACCATTATTAATATAAAACCACCAGCCCTGTCTCAATATCAAACACCACTGTTCGTTTGATCCGTAATAATTACAGCAGTCCTCCTTCTCCTTTCACTACCAGTCTTAGCAGCTGGCATTACAATACTTCTAACAGACCGAAACCTGAACACAACATTCTTTGACCCTGCCGGAGGTGGAGACCCAATCCTATACCAGCATCTTTTC
e5df94eeb9452c1e02a515e37b285e6000feae25,ATTAGCCGGAAATCTAGCCCATGCTGGGGCTTCTGTAGATTTAGCTATCTTCTCCCTCCACCTAGCAGGTGTGTCATCCATTCTAGGGGCAATTAATTTCATCACCACAATTATCAATATGAAACCCCCAGCCTTATCTCAGTACCAAACCCCACTATTCGTTTGATCCGTAATAATTACAGCAGTCCTTCTTCTCCTATCACTGCCAGTCTTAGCAGCTGGCATTACAATACTTCTAACAGACCGAAACCTGAACACAACATTCTTTGACCCTGCAGGAGGTGGAGACCCAATCCTATATCAACATCTTTTC
e6b2fa60c4a4b623d15349e27acbca389ab948c6,TTTGTCAGGAATTTTAGCTCATTCTGGCGGCGCTGTCGATTTAGCTATTTTTAGCTTACATTTGGCGGGTATTTCGTCTATTTTAGGAGCTATAAATTTTATTGTAACTATTTTAAACATGCGTTGTCCTGGTATGACTGCTCATAGAACACCTTTATTTGTTTGGGCTGTTTTTATAACAGCTTTTTTACTTTTGTTATCACTTCCTGTTTTAGCTGGCGCTATTACAATGTTATTAACAGATAGAAATTTTAATACGTCTTTCTTTGATCCGAACGGTGGTGGTGATCCTGTCTTATATCAGCATTTGTTT
e79e7d720aede36dfca68d61bd79d127b2eaf0b6,TTTATCCGGGAACGTTGCCCATGCAGGGCCTGCGGTTGATTTAACCATTCTCTCACTACATATTGCCGGTGTTTCCTCATTGCTTGGCGCCATTAATTTCACAACAACTATTATAAATAGACGTATGGAAGGCATGCCTACAGAAAAAATACCCCTATTTATTTGATCTGTTCTTGTAACAGTGGGCCTTCTTATTCTAGCTCTTCCAGTACTTGCAGGGGCCCTAACTATATTAATTCTAGACCGTAATTGTAATACCTCTTTCTTTGAGCCGACAGGAGGGGGCGACCCTATCTTATTCCAGCATTTATTC
e9b4c50d98f281273737741f72e86daa85ac316a,TCTAGCAGGGATTCAAGCTCATTCAGGAGGTTCTGTTGATTTAGCAATTTTCTCTCTTCATTTAGCCGGAGTTTCGTCGATTCTTGGTGCAATTAATTTTATTGTAACAATTATGAACATGCGAGCTCCAGGAATGACTGCTCACCGAACTCCTTTATTTGTATGAGCTGTATTTATTACAGCTTTCTTACTTTTATTGTCTTTACCGGTTCTAGCAGGAGCTATTACAATGCTTTTAACAGATCGTAACTTTAATACGTCATTCTTCGGCCCTAATGGTGGAGGTGACCCAGTATTATATCAACATTTATTT
f33a6d5084cf9461895d2ecfcee28ddd288e374b,ATTAGCCGGAAACCTAGCTCACGCTGGAGCTTCTGTAGATTTAGCTATCTTCTCTCTCCACCTAGCGGGCGTATCATCCATCCTAGGAGCTATTAACTTCATTACCACCATTATTAATATAAAACCACCAGCCCTGTCTCAATATCAAACACCACTGTTCGTTTGATCCGTAATAATTACAGCAGTCCTCCTTCTCCTTTCACTACCAGTCTTAGCAGCTGGCATTACAATACTTCTAACAGACCGAAACCTGAACACAACATTCTTTGACCCTGCAGGAGGTGGAGACCCAATCCTATATCAACATCTTTTC
f3ce92645055f481bfbf09740ba83470c5932c7a,TTTGAGTGGGGTTTTAGCACACTCGGGTGGATCTGTTGATCTTGCGATATTTAGCTTGCATATCGCCGGCGCTTCTTCTATTTTAGGTGCTATAAATTTTATTGTAACAATCCTAAACATGAGGGCGCCCGGTATGTCAGCGCATCGAGTGCCTTTATTTGTTTGAGCTGTTTTTATAACGGCATTTTTATTGTTATTATCTCTTCCTGTACTTTACCAGCACCTTTTC
f5b7dd5d50c0b3eca2e17660ce7832743049bd94,TCTTTCTGGCAACTTAGCACATGCCGGGGCCTCTGTAGATTTAACAATCTTTTCTCTTCACCTGGCGGGGATTTCTTCAATTCTTGGAGCAATTAATTTTATCACAACCATTATTAACATAAAACCCCCTGCTATTTCTCAGTATCAGACACCACTCTTCGTTTGATCCGTGCTTATTACCGCCGTTCTTCTGCTCCTATCACTCCCCGTGCTTGCAGCCGGAATCACCATGCTCCTAACAGACCGTAATCTTAACACCACCTTTTTTGACCCCGCAGGAGGGGGCGACCCAATTCTTTACCAACACTTGTTC
fc1c4b5fc6ab3aab305a734282a26cf60a070d9d,TTCCTTCACCTATCTCTCACTTTAGAAGCTTCAGATACAATTAGGGCAGGAGTCTGTGTTCAGACTCTGGAATCTGGGAAAGCCTCATTCTCTATACCTCCCACCAATATCCATCCCTGAACATCCTGGCCTTTCGCAGATACTACCTCGCTTCATGTTATTCAGGAGAGGAATTGACCCTGAATGTTTCATAGACAGAAGTGTTCATAGTCACAGAACGATCATCCTTCTCTCTGACTGT
fd7ad5f1d7d2c11125db72d7b284d5fdaa0ba69f,ATTAGCCGGAAACCTAGCTCACGCTGGAGCTTCTGTAGATTTAGCTATCTTCTCCCTCCACCTAGCAGGTGTGTCATCCATTCTAGGGGCAATTAATTTCATCACCACAATTATCAATATGAAACCCCCAGCCTTATCTCAGTACCAAACCCCACTATTCGTTTGATCCGTAATAATTACAGCAGTCCTTCTTCTCCTATCACTGCCAGTCTTAGCAGCTGGCATCACAATGCTTCTAACAGACCGAAACCTAAATACAACATTTTTCGATCCTGCCGGAGGCGGGGACCCAATCCTATATCAACATCTCTTC
2e46f9be10f6c3fe32646ff7213f9a80843c7e41,ATTAGCCGGAAACCTAGCTCACGCTGGAGCTTCTGTAGATTTAGCTATCTTCTCTCTCCACCTAGCGGGCGTATCATCCATCCTAGGGGCTATTAACTTCATTACCACCATTATTAATATAAAACCACCAGCCCTGTCTCAATATCAAACACCACTGTTCGTTTGATCCGTAATAATTACAGCAGTCCTCCTTCTCCTTTCACTACCAGTCTTAGCAGCTGGCATTACAATACTTCTAACAGACCGAAACCTGAACACAACATTCTTTGACCCTGCAGGAGGTGGAGACCCAATCCTATATCAACATCTTTTC
7857c0861b5605350e6f69cadc59968e05d0d17f,TAGCAGGTAACCTCGCCCACGCTGGAGCCTCTGTTGACCTCGCCATCTTCTCACTACACCTAGCTGGTGTTTCTTCTATCCTAGGTGCAATCAACTTTATTACAACAGCCATTAACATAAAACCCCCAGCCCTTTCACAATACCAAACCCCTCTATTCGTGTGATCAGTCCTAATCACCGCCATCCTACTACTACTATCACTCCCAGTACTCGCTGCAGGTATTACCATGCTCCTCACGGACCGAAATCTCAATACCACATTCTTTGATCCCGCGGGAGGAGGAGACCCCGTCCTATACCAACACCTCTTC
f993cca907de090f852516c97975aff27e4d8184,GTTATCATCTAAAGCAGGACAACCTGGTCCCGCAATGGATTTAGCAATTTTAAGTTTGCACTTAGCGGGTGCTTCTTCAATTTTGGGGGCTGTTAATTTTATTACTACAATTTTAAATATGAGAACACCAGGCATGACATTACATAAGATGCCTTTATTTGCTTGGTCAATTTTAGTAACTGCTTTTTTATTATTGTTATCTTTACCAGTACTTGCTGGAGCAATAACGATGCTATTAACAGACAGAAATTTTGGAACCGCTTTCTTTGATGCACAAACTGGAGGTGATCCTGTTTTATTTCAACATTTATTT
